university,lat,lng
Indian Institute of Science,13.022204637435502, 77.56712083961622
Harvard University,42.377391235777445, -71.11741112056315
Stanford University,41.056152813736134, -73.54240477323432
Indian Institute of Technology Bombay,19.133612637684458, 72.91321425318766
University of Amsterdam,52.3553136189929, 4.95529714482632
University of Tokyo,35.66085643988699, 139.68314796078076
Kyoto University,35.677915549477326, 139.72031789770895
Seoul National University,37.631795830567455, 127.07749202659716
Korea University,37.58757722421375, 127.02693712474962
University of Toronto,43.6677993897822, -79.39859385248333
Sorbonne Universite,48.85069267600807, 2.3402738539350603
Moscow State University,55.85743084796285, 37.69137389651684
Novosibirsk State University,55.03176895922487, 82.92061799833228
Australian National University,-35.27758979136751, 149.11845447668105
SAGE University Indore Madhya Pradesh India,22.636843,75.851860
Sri Sai Degree College,16.668600, 78.495598
AU College of Engineering for Women,17.686836, 83.218475
Shah Goverdhan Lal Kabra Teachers' College,26.283895, 73.007874
Sri Renga Polytechnic College,11.014572, 78.795502
Mange Ram Women's College of Education,29.016830, 77.007103
Lord Buddha Eduacational Trust,26.119909, 85.354034
University of Edinburgh,55.947388, -3.187194
University Of London,51.521515, -0.127636
Aston University,52.487144, -1.886977
Observatory Keele University Keele Staffordshire UK,53.004353, -2.267430
Staffordshire University,53.008717, -2.175701
University of Saskatchewan Saskatoon SK Canada,52.132854, -106.631401
University of the Fraser Valley  Abbotsford BC Canada,49.029053, -122.285431
University of Winnipeg,49.892441, -97.154472
Monash University,-37.907803, 145.133957
